_id,user,name,readArticle,createdAt,updatedAt,__v
65676b886bf7a2e24ccab3ba,65676b886bf7a2e24ccab3b6,Samuel Young,529,2023-11-29T16:49:12.634Z,2023-11-29T16:49:12.634Z,0
65676b886bf7a2e24ccab3bb,65676b886bf7a2e24ccab3b6,Samuel Young,52,2023-11-29T16:49:12.634Z,2023-11-29T16:49:12.634Z,0
65676b886bf7a2e24ccab3bd,65676b886bf7a2e24ccab3b6,Samuel Young,1098,2023-11-29T16:49:12.634Z,2023-11-29T16:49:12.634Z,0
65676b886bf7a2e24ccab3bc,65676b886bf7a2e24ccab3b6,Samuel Young,3134,2023-11-29T16:49:12.634Z,2023-11-29T16:49:12.634Z,0
65676b886bf7a2e24ccab3be,65676b886bf7a2e24ccab3b6,Samuel Young,133,2023-11-29T16:49:12.634Z,2023-11-29T16:49:12.634Z,0
65676b886bf7a2e24ccab3bf,65676b886bf7a2e24ccab3b6,Samuel Young,3804,2023-11-29T16:49:12.634Z,2023-11-29T16:49:12.634Z,0
65676b886bf7a2e24ccab3c0,65676b886bf7a2e24ccab3b6,Samuel Young,756,2023-11-29T16:49:12.634Z,2023-11-29T16:49:12.634Z,0
65676b886bf7a2e24ccab3b8,65676b886bf7a2e24ccab3b6,Samuel Young,2372,2023-11-29T16:49:12.634Z,2023-11-29T16:49:12.634Z,0
65676b886bf7a2e24ccab3b9,65676b886bf7a2e24ccab3b6,Samuel Young,217,2023-11-29T16:49:12.634Z,2023-11-29T16:49:12.634Z,0
65676b896bf7a2e24ccab3df,65676b886bf7a2e24ccab3ca,Winston Taylor,1732,2023-11-29T16:49:13.179Z,2023-11-29T16:49:13.179Z,0
65676b896bf7a2e24ccab3de,65676b886bf7a2e24ccab3ca,Winston Taylor,3032,2023-11-29T16:49:13.179Z,2023-11-29T16:49:13.179Z,0
65676b896bf7a2e24ccab3e2,65676b886bf7a2e24ccab3ca,Winston Taylor,3961,2023-11-29T16:49:13.179Z,2023-11-29T16:49:13.179Z,0
65676b896bf7a2e24ccab3e3,65676b886bf7a2e24ccab3ca,Winston Taylor,3356,2023-11-29T16:49:13.179Z,2023-11-29T16:49:13.179Z,0
65676b896bf7a2e24ccab3e0,65676b886bf7a2e24ccab3ca,Winston Taylor,3929,2023-11-29T16:49:13.179Z,2023-11-29T16:49:13.179Z,0
65676b896bf7a2e24ccab3e1,65676b886bf7a2e24ccab3ca,Winston Taylor,3435,2023-11-29T16:49:13.179Z,2023-11-29T16:49:13.179Z,0
65676b8a6bf7a2e24ccab3f0,65676b896bf7a2e24ccab3e6,Henry Taylor,3874,2023-11-29T16:49:14.607Z,2023-11-29T16:49:14.607Z,0
65676b8a6bf7a2e24ccab3f1,65676b896bf7a2e24ccab3e6,Henry Taylor,3596,2023-11-29T16:49:14.607Z,2023-11-29T16:49:14.607Z,0
65676b8a6bf7a2e24ccab3f2,65676b896bf7a2e24ccab3e6,Henry Taylor,2893,2023-11-29T16:49:14.607Z,2023-11-29T16:49:14.607Z,0
65676b8a6bf7a2e24ccab3f3,65676b896bf7a2e24ccab3e6,Henry Taylor,3147,2023-11-29T16:49:14.607Z,2023-11-29T16:49:14.607Z,0
65676b8a6bf7a2e24ccab3f4,65676b896bf7a2e24ccab3e6,Henry Taylor,450,2023-11-29T16:49:14.607Z,2023-11-29T16:49:14.607Z,0
65676b8b6bf7a2e24ccab404,65676b8a6bf7a2e24ccab3f9,Leo Martin,3555,2023-11-29T16:49:15.113Z,2023-11-29T16:49:15.113Z,0
65676b8b6bf7a2e24ccab41e,65676b8b6bf7a2e24ccab410,Mia Hall,1255,2023-11-29T16:49:15.776Z,2023-11-29T16:49:15.776Z,0
65676b8b6bf7a2e24ccab41f,65676b8b6bf7a2e24ccab410,Mia Hall,1812,2023-11-29T16:49:15.776Z,2023-11-29T16:49:15.776Z,0
65676b8b6bf7a2e24ccab421,65676b8b6bf7a2e24ccab410,Mia Hall,1185,2023-11-29T16:49:15.776Z,2023-11-29T16:49:15.776Z,0
65676b8b6bf7a2e24ccab420,65676b8b6bf7a2e24ccab410,Mia Hall,1206,2023-11-29T16:49:15.776Z,2023-11-29T16:49:15.776Z,0
65676b8c6bf7a2e24ccab434,65676b8b6bf7a2e24ccab428,Frank Garcia,1538,2023-11-29T16:49:16.338Z,2023-11-29T16:49:16.338Z,0
65676b8c6bf7a2e24ccab435,65676b8b6bf7a2e24ccab428,Frank Garcia,2021,2023-11-29T16:49:16.338Z,2023-11-29T16:49:16.338Z,0
65676b8c6bf7a2e24ccab436,65676b8b6bf7a2e24ccab428,Frank Garcia,2558,2023-11-29T16:49:16.338Z,2023-11-29T16:49:16.338Z,0
65676b8c6bf7a2e24ccab452,65676b8c6bf7a2e24ccab442,Katherine Davis,734,2023-11-29T16:49:16.909Z,2023-11-29T16:49:16.909Z,0
65676b8c6bf7a2e24ccab453,65676b8c6bf7a2e24ccab442,Katherine Davis,1025,2023-11-29T16:49:16.909Z,2023-11-29T16:49:16.909Z,0
65676b8d6bf7a2e24ccab461,65676b8c6bf7a2e24ccab458,Henry Jones,3444,2023-11-29T16:49:17.626Z,2023-11-29T16:49:17.626Z,0
65676b8d6bf7a2e24ccab462,65676b8c6bf7a2e24ccab458,Henry Jones,3658,2023-11-29T16:49:17.626Z,2023-11-29T16:49:17.626Z,0
65676b8d6bf7a2e24ccab460,65676b8c6bf7a2e24ccab458,Henry Jones,2710,2023-11-29T16:49:17.626Z,2023-11-29T16:49:17.626Z,0
65676b8d6bf7a2e24ccab480,65676b8d6bf7a2e24ccab46f,Leo Brown,2637,2023-11-29T16:49:17.973Z,2023-11-29T16:49:17.973Z,0
65676b8d6bf7a2e24ccab481,65676b8d6bf7a2e24ccab46f,Leo Brown,77,2023-11-29T16:49:17.973Z,2023-11-29T16:49:17.973Z,0
65676b8d6bf7a2e24ccab482,65676b8d6bf7a2e24ccab46f,Leo Brown,2362,2023-11-29T16:49:17.973Z,2023-11-29T16:49:17.973Z,0
65676b8e6bf7a2e24ccab4a4,65676b8d6bf7a2e24ccab491,Tessa Martin,2900,2023-11-29T16:49:18.525Z,2023-11-29T16:49:18.525Z,0
65676b8e6bf7a2e24ccab4a5,65676b8d6bf7a2e24ccab491,Tessa Martin,2257,2023-11-29T16:49:18.525Z,2023-11-29T16:49:18.525Z,0
65676b8e6bf7a2e24ccab4a6,65676b8d6bf7a2e24ccab491,Tessa Martin,2751,2023-11-29T16:49:18.525Z,2023-11-29T16:49:18.525Z,0
65676b8e6bf7a2e24ccab4a7,65676b8d6bf7a2e24ccab491,Tessa Martin,2047,2023-11-29T16:49:18.525Z,2023-11-29T16:49:18.525Z,0
65676b8e6bf7a2e24ccab4a8,65676b8d6bf7a2e24ccab491,Tessa Martin,2831,2023-11-29T16:49:18.525Z,2023-11-29T16:49:18.525Z,0
65676b8e6bf7a2e24ccab4aa,65676b8d6bf7a2e24ccab491,Tessa Martin,2654,2023-11-29T16:49:18.525Z,2023-11-29T16:49:18.525Z,0
65676b8e6bf7a2e24ccab4a9,65676b8d6bf7a2e24ccab491,Tessa Martin,3526,2023-11-29T16:49:18.525Z,2023-11-29T16:49:18.525Z,0
65676b8e6bf7a2e24ccab4ab,65676b8d6bf7a2e24ccab491,Tessa Martin,3835,2023-11-29T16:49:18.525Z,2023-11-29T16:49:18.525Z,0
65676b8e6bf7a2e24ccab4ac,65676b8d6bf7a2e24ccab491,Tessa Martin,2044,2023-11-29T16:49:18.525Z,2023-11-29T16:49:18.525Z,0
65676b8e6bf7a2e24ccab4ad,65676b8d6bf7a2e24ccab491,Tessa Martin,3487,2023-11-29T16:49:18.525Z,2023-11-29T16:49:18.525Z,0
65676b8e6bf7a2e24ccab4d8,65676b8e6bf7a2e24ccab4bd,Olivia Miller,1578,2023-11-29T16:49:18.845Z,2023-11-29T16:49:18.845Z,0
65676b8f6bf7a2e24ccab4ec,65676b8e6bf7a2e24ccab4e1,Henry Jackson,1108,2023-11-29T16:49:19.616Z,2023-11-29T16:49:19.616Z,0
65676b8f6bf7a2e24ccab4ee,65676b8e6bf7a2e24ccab4e1,Henry Jackson,1371,2023-11-29T16:49:19.616Z,2023-11-29T16:49:19.616Z,0
65676b8f6bf7a2e24ccab4f0,65676b8e6bf7a2e24ccab4e1,Henry Jackson,783,2023-11-29T16:49:19.616Z,2023-11-29T16:49:19.616Z,0
65676b8f6bf7a2e24ccab4ed,65676b8e6bf7a2e24ccab4e1,Henry Jackson,1560,2023-11-29T16:49:19.616Z,2023-11-29T16:49:19.616Z,0
65676b8f6bf7a2e24ccab4ef,65676b8e6bf7a2e24ccab4e1,Henry Jackson,2635,2023-11-29T16:49:19.616Z,2023-11-29T16:49:19.616Z,0
65676b906bf7a2e24ccab501,65676b8f6bf7a2e24ccab4f5,Alice Taylor,310,2023-11-29T16:49:20.014Z,2023-11-29T16:49:20.014Z,0
65676b906bf7a2e24ccab502,65676b8f6bf7a2e24ccab4f5,Alice Taylor,3064,2023-11-29T16:49:20.014Z,2023-11-29T16:49:20.014Z,0
65676b906bf7a2e24ccab500,65676b8f6bf7a2e24ccab4f5,Alice Taylor,3792,2023-11-29T16:49:20.014Z,2023-11-29T16:49:20.014Z,0
65676b906bf7a2e24ccab503,65676b8f6bf7a2e24ccab4f5,Alice Taylor,957,2023-11-29T16:49:20.014Z,2023-11-29T16:49:20.014Z,0
65676b906bf7a2e24ccab50c,65676b906bf7a2e24ccab505,Ulysses Taylor,3718,2023-11-29T16:49:20.581Z,2023-11-29T16:49:20.581Z,0
65676b906bf7a2e24ccab50d,65676b906bf7a2e24ccab505,Ulysses Taylor,1496,2023-11-29T16:49:20.581Z,2023-11-29T16:49:20.581Z,0
65676b906bf7a2e24ccab50e,65676b906bf7a2e24ccab505,Ulysses Taylor,681,2023-11-29T16:49:20.581Z,2023-11-29T16:49:20.581Z,0
65676b906bf7a2e24ccab513,65676b906bf7a2e24ccab505,Ulysses Taylor,3488,2023-11-29T16:49:20.581Z,2023-11-29T16:49:20.581Z,0
65676b906bf7a2e24ccab512,65676b906bf7a2e24ccab505,Ulysses Taylor,2097,2023-11-29T16:49:20.581Z,2023-11-29T16:49:20.581Z,0
65676b906bf7a2e24ccab50f,65676b906bf7a2e24ccab505,Ulysses Taylor,436,2023-11-29T16:49:20.581Z,2023-11-29T16:49:20.581Z,0
65676b906bf7a2e24ccab510,65676b906bf7a2e24ccab505,Ulysses Taylor,1301,2023-11-29T16:49:20.581Z,2023-11-29T16:49:20.581Z,0
65676b906bf7a2e24ccab511,65676b906bf7a2e24ccab505,Ulysses Taylor,3543,2023-11-29T16:49:20.581Z,2023-11-29T16:49:20.581Z,0
65676b916bf7a2e24ccab53e,65676b906bf7a2e24ccab523,Isabel Williams,3512,2023-11-29T16:49:21.062Z,2023-11-29T16:49:21.062Z,0
65676b916bf7a2e24ccab53d,65676b906bf7a2e24ccab523,Isabel Williams,3499,2023-11-29T16:49:21.062Z,2023-11-29T16:49:21.062Z,0
65676b916bf7a2e24ccab53c,65676b906bf7a2e24ccab523,Isabel Williams,3460,2023-11-29T16:49:21.062Z,2023-11-29T16:49:21.062Z,0
65676b916bf7a2e24ccab53f,65676b906bf7a2e24ccab523,Isabel Williams,3354,2023-11-29T16:49:21.062Z,2023-11-29T16:49:21.062Z,0
65676b916bf7a2e24ccab540,65676b906bf7a2e24ccab523,Isabel Williams,1716,2023-11-29T16:49:21.062Z,2023-11-29T16:49:21.062Z,0
65676b916bf7a2e24ccab543,65676b906bf7a2e24ccab523,Isabel Williams,2224,2023-11-29T16:49:21.062Z,2023-11-29T16:49:21.062Z,0
65676b916bf7a2e24ccab542,65676b906bf7a2e24ccab523,Isabel Williams,184,2023-11-29T16:49:21.062Z,2023-11-29T16:49:21.062Z,0
65676b916bf7a2e24ccab541,65676b906bf7a2e24ccab523,Isabel Williams,2253,2023-11-29T16:49:21.062Z,2023-11-29T16:49:21.062Z,0
65676b916bf7a2e24ccab56a,65676b916bf7a2e24ccab550,Leo Moore,1775,2023-11-29T16:49:21.495Z,2023-11-29T16:49:21.495Z,0
65676b916bf7a2e24ccab569,65676b916bf7a2e24ccab550,Leo Moore,395,2023-11-29T16:49:21.495Z,2023-11-29T16:49:21.495Z,0
65676b916bf7a2e24ccab56b,65676b916bf7a2e24ccab550,Leo Moore,3523,2023-11-29T16:49:21.495Z,2023-11-29T16:49:21.495Z,0
65676b916bf7a2e24ccab568,65676b916bf7a2e24ccab550,Leo Moore,1267,2023-11-29T16:49:21.495Z,2023-11-29T16:49:21.495Z,0
65676b916bf7a2e24ccab567,65676b916bf7a2e24ccab550,Leo Moore,3729,2023-11-29T16:49:21.495Z,2023-11-29T16:49:21.495Z,0
65676b916bf7a2e24ccab566,65676b916bf7a2e24ccab550,Leo Moore,948,2023-11-29T16:49:21.495Z,2023-11-29T16:49:21.495Z,0
65676b926bf7a2e24ccab582,65676b916bf7a2e24ccab571,Percy White,3477,2023-11-29T16:49:22.191Z,2023-11-29T16:49:22.191Z,0
65676b926bf7a2e24ccab585,65676b916bf7a2e24ccab571,Percy White,3149,2023-11-29T16:49:22.191Z,2023-11-29T16:49:22.191Z,0
65676b926bf7a2e24ccab57e,65676b916bf7a2e24ccab571,Percy White,2453,2023-11-29T16:49:22.191Z,2023-11-29T16:49:22.191Z,0
65676b926bf7a2e24ccab583,65676b916bf7a2e24ccab571,Percy White,3521,2023-11-29T16:49:22.191Z,2023-11-29T16:49:22.191Z,0
65676b926bf7a2e24ccab584,65676b916bf7a2e24ccab571,Percy White,2599,2023-11-29T16:49:22.191Z,2023-11-29T16:49:22.191Z,0
65676b926bf7a2e24ccab580,65676b916bf7a2e24ccab571,Percy White,1486,2023-11-29T16:49:22.191Z,2023-11-29T16:49:22.191Z,0
65676b926bf7a2e24ccab581,65676b916bf7a2e24ccab571,Percy White,3,2023-11-29T16:49:22.191Z,2023-11-29T16:49:22.191Z,0
65676b926bf7a2e24ccab586,65676b916bf7a2e24ccab571,Percy White,463,2023-11-29T16:49:22.191Z,2023-11-29T16:49:22.191Z,0
65676b926bf7a2e24ccab57f,65676b916bf7a2e24ccab571,Percy White,751,2023-11-29T16:49:22.191Z,2023-11-29T16:49:22.191Z,0
65676b926bf7a2e24ccab594,65676b926bf7a2e24ccab588,Bob Wilson,2884,2023-11-29T16:49:22.646Z,2023-11-29T16:49:22.646Z,0
65676b926bf7a2e24ccab598,65676b926bf7a2e24ccab588,Bob Wilson,3708,2023-11-29T16:49:22.646Z,2023-11-29T16:49:22.646Z,0
65676b926bf7a2e24ccab595,65676b926bf7a2e24ccab588,Bob Wilson,3508,2023-11-29T16:49:22.646Z,2023-11-29T16:49:22.646Z,0
65676b926bf7a2e24ccab597,65676b926bf7a2e24ccab588,Bob Wilson,3886,2023-11-29T16:49:22.646Z,2023-11-29T16:49:22.646Z,0
65676b926bf7a2e24ccab596,65676b926bf7a2e24ccab588,Bob Wilson,623,2023-11-29T16:49:22.646Z,2023-11-29T16:49:22.646Z,0
65676b936bf7a2e24ccab5be,65676b926bf7a2e24ccab5a7,Rachel Martin,751,2023-11-29T16:49:23.201Z,2023-11-29T16:49:23.201Z,0
65676b936bf7a2e24ccab5bc,65676b926bf7a2e24ccab5a7,Rachel Martin,929,2023-11-29T16:49:23.201Z,2023-11-29T16:49:23.201Z,0
65676b936bf7a2e24ccab5bd,65676b926bf7a2e24ccab5a7,Rachel Martin,2165,2023-11-29T16:49:23.201Z,2023-11-29T16:49:23.201Z,0
65676b936bf7a2e24ccab5c1,65676b926bf7a2e24ccab5a7,Rachel Martin,2626,2023-11-29T16:49:23.201Z,2023-11-29T16:49:23.201Z,0
65676b936bf7a2e24ccab5c0,65676b926bf7a2e24ccab5a7,Rachel Martin,1265,2023-11-29T16:49:23.201Z,2023-11-29T16:49:23.201Z,0
65676b936bf7a2e24ccab5bf,65676b926bf7a2e24ccab5a7,Rachel Martin,1385,2023-11-29T16:49:23.201Z,2023-11-29T16:49:23.201Z,0
65676b936bf7a2e24ccab5c2,65676b926bf7a2e24ccab5a7,Rachel Martin,197,2023-11-29T16:49:23.201Z,2023-11-29T16:49:23.201Z,0
65676b936bf7a2e24ccab5c3,65676b926bf7a2e24ccab5a7,Rachel Martin,3656,2023-11-29T16:49:23.201Z,2023-11-29T16:49:23.201Z,0
65676b936bf7a2e24ccab5c5,65676b926bf7a2e24ccab5a7,Rachel Martin,1321,2023-11-29T16:49:23.201Z,2023-11-29T16:49:23.201Z,0
65676b936bf7a2e24ccab5c4,65676b926bf7a2e24ccab5a7,Rachel Martin,3875,2023-11-29T16:49:23.201Z,2023-11-29T16:49:23.201Z,0
65676b936bf7a2e24ccab5e8,65676b936bf7a2e24ccab5d1,Isabel Miller,2737,2023-11-29T16:49:23.697Z,2023-11-29T16:49:23.697Z,0
65676b936bf7a2e24ccab5ea,65676b936bf7a2e24ccab5d1,Isabel Miller,636,2023-11-29T16:49:23.698Z,2023-11-29T16:49:23.698Z,0
65676b936bf7a2e24ccab5e9,65676b936bf7a2e24ccab5d1,Isabel Miller,403,2023-11-29T16:49:23.698Z,2023-11-29T16:49:23.698Z,0
65676b946bf7a2e24ccab5fe,65676b936bf7a2e24ccab5ef,Samuel Jackson,1773,2023-11-29T16:49:24.232Z,2023-11-29T16:49:24.232Z,0
65676b946bf7a2e24ccab5fb,65676b936bf7a2e24ccab5ef,Samuel Jackson,1133,2023-11-29T16:49:24.232Z,2023-11-29T16:49:24.232Z,0
65676b946bf7a2e24ccab600,65676b936bf7a2e24ccab5ef,Samuel Jackson,2587,2023-11-29T16:49:24.232Z,2023-11-29T16:49:24.232Z,0
65676b946bf7a2e24ccab5fa,65676b936bf7a2e24ccab5ef,Samuel Jackson,197,2023-11-29T16:49:24.232Z,2023-11-29T16:49:24.232Z,0
65676b946bf7a2e24ccab5f8,65676b936bf7a2e24ccab5ef,Samuel Jackson,1815,2023-11-29T16:49:24.232Z,2023-11-29T16:49:24.232Z,0
65676b946bf7a2e24ccab5f9,65676b936bf7a2e24ccab5ef,Samuel Jackson,3277,2023-11-29T16:49:24.232Z,2023-11-29T16:49:24.232Z,0
65676b946bf7a2e24ccab5fd,65676b936bf7a2e24ccab5ef,Samuel Jackson,1006,2023-11-29T16:49:24.232Z,2023-11-29T16:49:24.232Z,0
65676b946bf7a2e24ccab5fc,65676b936bf7a2e24ccab5ef,Samuel Jackson,2384,2023-11-29T16:49:24.232Z,2023-11-29T16:49:24.232Z,0
65676b946bf7a2e24ccab5ff,65676b936bf7a2e24ccab5ef,Samuel Jackson,776,2023-11-29T16:49:24.232Z,2023-11-29T16:49:24.232Z,0
65676b946bf7a2e24ccab615,65676b946bf7a2e24ccab604,Samuel Clark,3614,2023-11-29T16:49:24.719Z,2023-11-29T16:49:24.719Z,0
65676b946bf7a2e24ccab612,65676b946bf7a2e24ccab604,Samuel Clark,3030,2023-11-29T16:49:24.719Z,2023-11-29T16:49:24.719Z,0
65676b946bf7a2e24ccab613,65676b946bf7a2e24ccab604,Samuel Clark,156,2023-11-29T16:49:24.719Z,2023-11-29T16:49:24.719Z,0
65676b946bf7a2e24ccab614,65676b946bf7a2e24ccab604,Samuel Clark,3932,2023-11-29T16:49:24.719Z,2023-11-29T16:49:24.719Z,0
65676b946bf7a2e24ccab616,65676b946bf7a2e24ccab604,Samuel Clark,1938,2023-11-29T16:49:24.719Z,2023-11-29T16:49:24.719Z,0
65676b946bf7a2e24ccab617,65676b946bf7a2e24ccab604,Samuel Clark,415,2023-11-29T16:49:24.719Z,2023-11-29T16:49:24.719Z,0
65676b956bf7a2e24ccab63b,65676b946bf7a2e24ccab624,Yasmine Jackson,3939,2023-11-29T16:49:25.121Z,2023-11-29T16:49:25.121Z,0
65676b956bf7a2e24ccab638,65676b946bf7a2e24ccab624,Yasmine Jackson,2798,2023-11-29T16:49:25.121Z,2023-11-29T16:49:25.121Z,0
65676b956bf7a2e24ccab63a,65676b946bf7a2e24ccab624,Yasmine Jackson,2094,2023-11-29T16:49:25.121Z,2023-11-29T16:49:25.121Z,0
65676b956bf7a2e24ccab639,65676b946bf7a2e24ccab624,Yasmine Jackson,3533,2023-11-29T16:49:25.121Z,2023-11-29T16:49:25.121Z,0
65676b956bf7a2e24ccab648,65676b956bf7a2e24ccab63e,Rachel Miller,828,2023-11-29T16:49:25.710Z,2023-11-29T16:49:25.710Z,0
65676b956bf7a2e24ccab646,65676b956bf7a2e24ccab63e,Rachel Miller,3579,2023-11-29T16:49:25.710Z,2023-11-29T16:49:25.710Z,0
65676b956bf7a2e24ccab64a,65676b956bf7a2e24ccab63e,Rachel Miller,3990,2023-11-29T16:49:25.710Z,2023-11-29T16:49:25.710Z,0
65676b956bf7a2e24ccab649,65676b956bf7a2e24ccab63e,Rachel Miller,1958,2023-11-29T16:49:25.710Z,2023-11-29T16:49:25.710Z,0
65676b956bf7a2e24ccab64e,65676b956bf7a2e24ccab63e,Rachel Miller,3640,2023-11-29T16:49:25.710Z,2023-11-29T16:49:25.710Z,0
65676b956bf7a2e24ccab64b,65676b956bf7a2e24ccab63e,Rachel Miller,1657,2023-11-29T16:49:25.710Z,2023-11-29T16:49:25.710Z,0
65676b956bf7a2e24ccab64d,65676b956bf7a2e24ccab63e,Rachel Miller,732,2023-11-29T16:49:25.710Z,2023-11-29T16:49:25.710Z,0
65676b956bf7a2e24ccab64c,65676b956bf7a2e24ccab63e,Rachel Miller,1943,2023-11-29T16:49:25.710Z,2023-11-29T16:49:25.710Z,0
65676b956bf7a2e24ccab647,65676b956bf7a2e24ccab63e,Rachel Miller,1331,2023-11-29T16:49:25.710Z,2023-11-29T16:49:25.710Z,0
65676b966bf7a2e24ccab672,65676b956bf7a2e24ccab659,Henry Smith,292,2023-11-29T16:49:26.260Z,2023-11-29T16:49:26.260Z,0
65676b966bf7a2e24ccab675,65676b956bf7a2e24ccab659,Henry Smith,518,2023-11-29T16:49:26.260Z,2023-11-29T16:49:26.260Z,0
65676b966bf7a2e24ccab670,65676b956bf7a2e24ccab659,Henry Smith,676,2023-11-29T16:49:26.260Z,2023-11-29T16:49:26.260Z,0
65676b966bf7a2e24ccab674,65676b956bf7a2e24ccab659,Henry Smith,3696,2023-11-29T16:49:26.260Z,2023-11-29T16:49:26.260Z,0
65676b966bf7a2e24ccab673,65676b956bf7a2e24ccab659,Henry Smith,1446,2023-11-29T16:49:26.260Z,2023-11-29T16:49:26.260Z,0
65676b966bf7a2e24ccab66e,65676b956bf7a2e24ccab659,Henry Smith,1410,2023-11-29T16:49:26.260Z,2023-11-29T16:49:26.260Z,0
65676b966bf7a2e24ccab66f,65676b956bf7a2e24ccab659,Henry Smith,679,2023-11-29T16:49:26.260Z,2023-11-29T16:49:26.260Z,0
65676b966bf7a2e24ccab671,65676b956bf7a2e24ccab659,Henry Smith,2130,2023-11-29T16:49:26.260Z,2023-11-29T16:49:26.260Z,0
65676b966bf7a2e24ccab676,65676b956bf7a2e24ccab659,Henry Smith,1682,2023-11-29T16:49:26.260Z,2023-11-29T16:49:26.260Z,0
65676b966bf7a2e24ccab69c,65676b966bf7a2e24ccab684,Percy White,3487,2023-11-29T16:49:26.806Z,2023-11-29T16:49:26.806Z,0
65676b966bf7a2e24ccab69d,65676b966bf7a2e24ccab684,Percy White,2688,2023-11-29T16:49:26.806Z,2023-11-29T16:49:26.806Z,0
65676b966bf7a2e24ccab6a2,65676b966bf7a2e24ccab684,Percy White,3804,2023-11-29T16:49:26.806Z,2023-11-29T16:49:26.806Z,0
65676b966bf7a2e24ccab6a0,65676b966bf7a2e24ccab684,Percy White,3017,2023-11-29T16:49:26.806Z,2023-11-29T16:49:26.806Z,0
65676b966bf7a2e24ccab69e,65676b966bf7a2e24ccab684,Percy White,2258,2023-11-29T16:49:26.806Z,2023-11-29T16:49:26.806Z,0
65676b966bf7a2e24ccab69f,65676b966bf7a2e24ccab684,Percy White,767,2023-11-29T16:49:26.806Z,2023-11-29T16:49:26.806Z,0
65676b966bf7a2e24ccab6a1,65676b966bf7a2e24ccab684,Percy White,1923,2023-11-29T16:49:26.806Z,2023-11-29T16:49:26.806Z,0
65676b976bf7a2e24ccab6c2,65676b966bf7a2e24ccab6ad,Rachel Jackson,1608,2023-11-29T16:49:27.332Z,2023-11-29T16:49:27.332Z,0
65676b976bf7a2e24ccab6c4,65676b966bf7a2e24ccab6ad,Rachel Jackson,2575,2023-11-29T16:49:27.332Z,2023-11-29T16:49:27.332Z,0
65676b976bf7a2e24ccab6c3,65676b966bf7a2e24ccab6ad,Rachel Jackson,2341,2023-11-29T16:49:27.332Z,2023-11-29T16:49:27.332Z,0
65676b976bf7a2e24ccab6c0,65676b966bf7a2e24ccab6ad,Rachel Jackson,3935,2023-11-29T16:49:27.332Z,2023-11-29T16:49:27.332Z,0
65676b976bf7a2e24ccab6c5,65676b966bf7a2e24ccab6ad,Rachel Jackson,2608,2023-11-29T16:49:27.332Z,2023-11-29T16:49:27.332Z,0
65676b976bf7a2e24ccab6c1,65676b966bf7a2e24ccab6ad,Rachel Jackson,503,2023-11-29T16:49:27.332Z,2023-11-29T16:49:27.332Z,0
65676b976bf7a2e24ccab6c6,65676b966bf7a2e24ccab6ad,Rachel Jackson,3161,2023-11-29T16:49:27.332Z,2023-11-29T16:49:27.332Z,0
65676b976bf7a2e24ccab6d7,65676b976bf7a2e24ccab6c9,Charlie Clark,3133,2023-11-29T16:49:27.889Z,2023-11-29T16:49:27.889Z,0
65676b976bf7a2e24ccab6d5,65676b976bf7a2e24ccab6c9,Charlie Clark,3926,2023-11-29T16:49:27.888Z,2023-11-29T16:49:27.888Z,0
65676b976bf7a2e24ccab6da,65676b976bf7a2e24ccab6c9,Charlie Clark,2956,2023-11-29T16:49:27.889Z,2023-11-29T16:49:27.889Z,0
65676b976bf7a2e24ccab6d8,65676b976bf7a2e24ccab6c9,Charlie Clark,3803,2023-11-29T16:49:27.889Z,2023-11-29T16:49:27.889Z,0
65676b976bf7a2e24ccab6d6,65676b976bf7a2e24ccab6c9,Charlie Clark,2686,2023-11-29T16:49:27.888Z,2023-11-29T16:49:27.888Z,0
65676b976bf7a2e24ccab6d9,65676b976bf7a2e24ccab6c9,Charlie Clark,780,2023-11-29T16:49:27.889Z,2023-11-29T16:49:27.889Z,0
65676b976bf7a2e24ccab6d4,65676b976bf7a2e24ccab6c9,Charlie Clark,356,2023-11-29T16:49:27.888Z,2023-11-29T16:49:27.888Z,0
65676b976bf7a2e24ccab6db,65676b976bf7a2e24ccab6c9,Charlie Clark,2397,2023-11-29T16:49:27.889Z,2023-11-29T16:49:27.889Z,0
65676b986bf7a2e24ccab6e8,65676b976bf7a2e24ccab6dd,Mia Anderson,2077,2023-11-29T16:49:28.581Z,2023-11-29T16:49:28.581Z,0
65676b986bf7a2e24ccab6ea,65676b976bf7a2e24ccab6dd,Mia Anderson,1977,2023-11-29T16:49:28.581Z,2023-11-29T16:49:28.581Z,0
65676b986bf7a2e24ccab6eb,65676b976bf7a2e24ccab6dd,Mia Anderson,682,2023-11-29T16:49:28.581Z,2023-11-29T16:49:28.581Z,0
65676b986bf7a2e24ccab6e9,65676b976bf7a2e24ccab6dd,Mia Anderson,1285,2023-11-29T16:49:28.581Z,2023-11-29T16:49:28.581Z,0
65676b986bf7a2e24ccab6f0,65676b976bf7a2e24ccab6dd,Mia Anderson,3109,2023-11-29T16:49:28.581Z,2023-11-29T16:49:28.581Z,0
65676b986bf7a2e24ccab6ef,65676b976bf7a2e24ccab6dd,Mia Anderson,1319,2023-11-29T16:49:28.581Z,2023-11-29T16:49:28.581Z,0
65676b986bf7a2e24ccab6ee,65676b976bf7a2e24ccab6dd,Mia Anderson,3361,2023-11-29T16:49:28.581Z,2023-11-29T16:49:28.581Z,0
65676b986bf7a2e24ccab6f1,65676b976bf7a2e24ccab6dd,Mia Anderson,3387,2023-11-29T16:49:28.581Z,2023-11-29T16:49:28.581Z,0
65676b986bf7a2e24ccab6ec,65676b976bf7a2e24ccab6dd,Mia Anderson,569,2023-11-29T16:49:28.581Z,2023-11-29T16:49:28.581Z,0
65676b986bf7a2e24ccab6ed,65676b976bf7a2e24ccab6dd,Mia Anderson,2667,2023-11-29T16:49:28.581Z,2023-11-29T16:49:28.581Z,0
65676b996bf7a2e24ccab71e,65676b986bf7a2e24ccab701,Xena Thomas,2649,2023-11-29T16:49:29.082Z,2023-11-29T16:49:29.082Z,0
65676b996bf7a2e24ccab721,65676b986bf7a2e24ccab701,Xena Thomas,548,2023-11-29T16:49:29.082Z,2023-11-29T16:49:29.082Z,0
65676b996bf7a2e24ccab71d,65676b986bf7a2e24ccab701,Xena Thomas,851,2023-11-29T16:49:29.082Z,2023-11-29T16:49:29.082Z,0
65676b996bf7a2e24ccab71f,65676b986bf7a2e24ccab701,Xena Thomas,3619,2023-11-29T16:49:29.082Z,2023-11-29T16:49:29.082Z,0
65676b996bf7a2e24ccab71c,65676b986bf7a2e24ccab701,Xena Thomas,2542,2023-11-29T16:49:29.082Z,2023-11-29T16:49:29.082Z,0
65676b996bf7a2e24ccab720,65676b986bf7a2e24ccab701,Xena Thomas,385,2023-11-29T16:49:29.082Z,2023-11-29T16:49:29.082Z,0
65676b996bf7a2e24ccab722,65676b986bf7a2e24ccab701,Xena Thomas,3747,2023-11-29T16:49:29.082Z,2023-11-29T16:49:29.082Z,0
65676b996bf7a2e24ccab733,65676b996bf7a2e24ccab726,Leo Williams,481,2023-11-29T16:49:29.620Z,2023-11-29T16:49:29.620Z,0
65676b996bf7a2e24ccab737,65676b996bf7a2e24ccab726,Leo Williams,716,2023-11-29T16:49:29.620Z,2023-11-29T16:49:29.620Z,0
65676b996bf7a2e24ccab735,65676b996bf7a2e24ccab726,Leo Williams,424,2023-11-29T16:49:29.620Z,2023-11-29T16:49:29.620Z,0
65676b996bf7a2e24ccab734,65676b996bf7a2e24ccab726,Leo Williams,3113,2023-11-29T16:49:29.620Z,2023-11-29T16:49:29.620Z,0
65676b996bf7a2e24ccab732,65676b996bf7a2e24ccab726,Leo Williams,3538,2023-11-29T16:49:29.620Z,2023-11-29T16:49:29.620Z,0
65676b996bf7a2e24ccab736,65676b996bf7a2e24ccab726,Leo Williams,163,2023-11-29T16:49:29.620Z,2023-11-29T16:49:29.620Z,0
65676b9a6bf7a2e24ccab758,65676b996bf7a2e24ccab744,Frank Hill,876,2023-11-29T16:49:30.111Z,2023-11-29T16:49:30.111Z,0
65676b9a6bf7a2e24ccab75a,65676b996bf7a2e24ccab744,Frank Hill,3933,2023-11-29T16:49:30.112Z,2023-11-29T16:49:30.112Z,0
65676b9a6bf7a2e24ccab759,65676b996bf7a2e24ccab744,Frank Hill,1084,2023-11-29T16:49:30.111Z,2023-11-29T16:49:30.111Z,0
65676b9a6bf7a2e24ccab77e,65676b9a6bf7a2e24ccab76a,Olivia Smith,3752,2023-11-29T16:49:30.497Z,2023-11-29T16:49:30.497Z,0
65676b9a6bf7a2e24ccab780,65676b9a6bf7a2e24ccab76a,Olivia Smith,3957,2023-11-29T16:49:30.497Z,2023-11-29T16:49:30.497Z,0
65676b9a6bf7a2e24ccab77f,65676b9a6bf7a2e24ccab76a,Olivia Smith,3107,2023-11-29T16:49:30.497Z,2023-11-29T16:49:30.497Z,0
65676b9a6bf7a2e24ccab790,65676b9a6bf7a2e24ccab786,Winston Young,659,2023-11-29T16:49:30.861Z,2023-11-29T16:49:30.861Z,0
65676b9a6bf7a2e24ccab791,65676b9a6bf7a2e24ccab786,Winston Young,920,2023-11-29T16:49:30.861Z,2023-11-29T16:49:30.861Z,0
65676b9b6bf7a2e24ccab7a8,65676b9a6bf7a2e24ccab79b,Winston Hill,3970,2023-11-29T16:49:31.230Z,2023-11-29T16:49:31.230Z,0
65676b9b6bf7a2e24ccab7aa,65676b9a6bf7a2e24ccab79b,Winston Hill,896,2023-11-29T16:49:31.230Z,2023-11-29T16:49:31.230Z,0
65676b9b6bf7a2e24ccab7a9,65676b9a6bf7a2e24ccab79b,Winston Hill,2069,2023-11-29T16:49:31.230Z,2023-11-29T16:49:31.230Z,0
65676b9b6bf7a2e24ccab7c3,65676b9b6bf7a2e24ccab7b3,Rachel Wilson,561,2023-11-29T16:49:31.818Z,2023-11-29T16:49:31.818Z,0
65676b9b6bf7a2e24ccab7c4,65676b9b6bf7a2e24ccab7b3,Rachel Wilson,3744,2023-11-29T16:49:31.818Z,2023-11-29T16:49:31.818Z,0
65676b9b6bf7a2e24ccab7c2,65676b9b6bf7a2e24ccab7b3,Rachel Wilson,1696,2023-11-29T16:49:31.818Z,2023-11-29T16:49:31.818Z,0
65676b9b6bf7a2e24ccab7c1,65676b9b6bf7a2e24ccab7b3,Rachel Wilson,3323,2023-11-29T16:49:31.818Z,2023-11-29T16:49:31.818Z,0
65676b9b6bf7a2e24ccab7c6,65676b9b6bf7a2e24ccab7b3,Rachel Wilson,1294,2023-11-29T16:49:31.818Z,2023-11-29T16:49:31.818Z,0
65676b9b6bf7a2e24ccab7c5,65676b9b6bf7a2e24ccab7b3,Rachel Wilson,2429,2023-11-29T16:49:31.818Z,2023-11-29T16:49:31.818Z,0
65676b9b6bf7a2e24ccab7c0,65676b9b6bf7a2e24ccab7b3,Rachel Wilson,1685,2023-11-29T16:49:31.818Z,2023-11-29T16:49:31.818Z,0
65676b9c6bf7a2e24ccab7ec,65676b9b6bf7a2e24ccab7d5,Rachel Thomas,420,2023-11-29T16:49:32.266Z,2023-11-29T16:49:32.266Z,0
65676b9c6bf7a2e24ccab7ee,65676b9b6bf7a2e24ccab7d5,Rachel Thomas,104,2023-11-29T16:49:32.266Z,2023-11-29T16:49:32.266Z,0
65676b9c6bf7a2e24ccab7ef,65676b9b6bf7a2e24ccab7d5,Rachel Thomas,3545,2023-11-29T16:49:32.266Z,2023-11-29T16:49:32.266Z,0
65676b9c6bf7a2e24ccab7ed,65676b9b6bf7a2e24ccab7d5,Rachel Thomas,3094,2023-11-29T16:49:32.266Z,2023-11-29T16:49:32.266Z,0
65676b9c6bf7a2e24ccab801,65676b9c6bf7a2e24ccab7f5,Ulysses Clark,1682,2023-11-29T16:49:32.623Z,2023-11-29T16:49:32.623Z,0
65676b9c6bf7a2e24ccab800,65676b9c6bf7a2e24ccab7f5,Ulysses Clark,3214,2023-11-29T16:49:32.623Z,2023-11-29T16:49:32.623Z,0
65676b9d6bf7a2e24ccab810,65676b9c6bf7a2e24ccab805,Rachel Clark,3626,2023-11-29T16:49:33.242Z,2023-11-29T16:49:33.242Z,0
65676b9d6bf7a2e24ccab80c,65676b9c6bf7a2e24ccab805,Rachel Clark,1394,2023-11-29T16:49:33.242Z,2023-11-29T16:49:33.242Z,0
65676b9d6bf7a2e24ccab80f,65676b9c6bf7a2e24ccab805,Rachel Clark,551,2023-11-29T16:49:33.242Z,2023-11-29T16:49:33.242Z,0
65676b9d6bf7a2e24ccab80d,65676b9c6bf7a2e24ccab805,Rachel Clark,3917,2023-11-29T16:49:33.242Z,2023-11-29T16:49:33.242Z,0
65676b9d6bf7a2e24ccab811,65676b9c6bf7a2e24ccab805,Rachel Clark,578,2023-11-29T16:49:33.242Z,2023-11-29T16:49:33.242Z,0
65676b9d6bf7a2e24ccab80e,65676b9c6bf7a2e24ccab805,Rachel Clark,2765,2023-11-29T16:49:33.242Z,2023-11-29T16:49:33.242Z,0
65676b9d6bf7a2e24ccab836,65676b9d6bf7a2e24ccab820,Winston Hill,1250,2023-11-29T16:49:33.741Z,2023-11-29T16:49:33.741Z,0
65676b9e6bf7a2e24ccab848,65676b9d6bf7a2e24ccab83c,Mia Johnson,3500,2023-11-29T16:49:34.269Z,2023-11-29T16:49:34.269Z,0
65676b9e6bf7a2e24ccab845,65676b9d6bf7a2e24ccab83c,Mia Johnson,145,2023-11-29T16:49:34.268Z,2023-11-29T16:49:34.268Z,0
65676b9e6bf7a2e24ccab846,65676b9d6bf7a2e24ccab83c,Mia Johnson,2169,2023-11-29T16:49:34.268Z,2023-11-29T16:49:34.268Z,0
65676b9e6bf7a2e24ccab844,65676b9d6bf7a2e24ccab83c,Mia Johnson,3477,2023-11-29T16:49:34.268Z,2023-11-29T16:49:34.268Z,0
65676b9e6bf7a2e24ccab847,65676b9d6bf7a2e24ccab83c,Mia Johnson,2711,2023-11-29T16:49:34.268Z,2023-11-29T16:49:34.268Z,0
65676b9e6bf7a2e24ccab84b,65676b9d6bf7a2e24ccab83c,Mia Johnson,454,2023-11-29T16:49:34.269Z,2023-11-29T16:49:34.269Z,0
65676b9e6bf7a2e24ccab849,65676b9d6bf7a2e24ccab83c,Mia Johnson,2455,2023-11-29T16:49:34.269Z,2023-11-29T16:49:34.269Z,0
65676b9e6bf7a2e24ccab84a,65676b9d6bf7a2e24ccab83c,Mia Johnson,1671,2023-11-29T16:49:34.269Z,2023-11-29T16:49:34.269Z,0
65676b9e6bf7a2e24ccab84c,65676b9d6bf7a2e24ccab83c,Mia Johnson,3290,2023-11-29T16:49:34.269Z,2023-11-29T16:49:34.269Z,0
65676b9e6bf7a2e24ccab84d,65676b9d6bf7a2e24ccab83c,Mia Johnson,827,2023-11-29T16:49:34.269Z,2023-11-29T16:49:34.269Z,0
65676b9e6bf7a2e24ccab86f,65676b9e6bf7a2e24ccab857,Xena Lewis,749,2023-11-29T16:49:34.862Z,2023-11-29T16:49:34.862Z,0
65676b9e6bf7a2e24ccab86d,65676b9e6bf7a2e24ccab857,Xena Lewis,2640,2023-11-29T16:49:34.862Z,2023-11-29T16:49:34.862Z,0
65676b9e6bf7a2e24ccab870,65676b9e6bf7a2e24ccab857,Xena Lewis,3116,2023-11-29T16:49:34.862Z,2023-11-29T16:49:34.862Z,0
65676b9e6bf7a2e24ccab86e,65676b9e6bf7a2e24ccab857,Xena Lewis,78,2023-11-29T16:49:34.862Z,2023-11-29T16:49:34.862Z,0
65676b9e6bf7a2e24ccab86c,65676b9e6bf7a2e24ccab857,Xena Lewis,1895,2023-11-29T16:49:34.862Z,2023-11-29T16:49:34.862Z,0
65676b9f6bf7a2e24ccab895,65676b9e6bf7a2e24ccab87e,Olivia Hill,2084,2023-11-29T16:49:35.317Z,2023-11-29T16:49:35.317Z,0
65676b9f6bf7a2e24ccab896,65676b9e6bf7a2e24ccab87e,Olivia Hill,657,2023-11-29T16:49:35.317Z,2023-11-29T16:49:35.317Z,0
65676b9f6bf7a2e24ccab898,65676b9e6bf7a2e24ccab87e,Olivia Hill,1773,2023-11-29T16:49:35.317Z,2023-11-29T16:49:35.317Z,0
65676b9f6bf7a2e24ccab892,65676b9e6bf7a2e24ccab87e,Olivia Hill,3136,2023-11-29T16:49:35.317Z,2023-11-29T16:49:35.317Z,0
65676b9f6bf7a2e24ccab893,65676b9e6bf7a2e24ccab87e,Olivia Hill,3031,2023-11-29T16:49:35.317Z,2023-11-29T16:49:35.317Z,0
65676b9f6bf7a2e24ccab894,65676b9e6bf7a2e24ccab87e,Olivia Hill,3117,2023-11-29T16:49:35.317Z,2023-11-29T16:49:35.317Z,0
65676b9f6bf7a2e24ccab89a,65676b9e6bf7a2e24ccab87e,Olivia Hill,605,2023-11-29T16:49:35.317Z,2023-11-29T16:49:35.317Z,0
65676b9f6bf7a2e24ccab897,65676b9e6bf7a2e24ccab87e,Olivia Hill,254,2023-11-29T16:49:35.317Z,2023-11-29T16:49:35.317Z,0
65676b9f6bf7a2e24ccab89b,65676b9e6bf7a2e24ccab87e,Olivia Hill,1169,2023-11-29T16:49:35.317Z,2023-11-29T16:49:35.317Z,0
65676b9f6bf7a2e24ccab899,65676b9e6bf7a2e24ccab87e,Olivia Hill,2205,2023-11-29T16:49:35.317Z,2023-11-29T16:49:35.317Z,0
65676b9f6bf7a2e24ccab8c6,65676b9f6bf7a2e24ccab8aa,Alice Lee,187,2023-11-29T16:49:35.757Z,2023-11-29T16:49:35.757Z,0
65676b9f6bf7a2e24ccab8c5,65676b9f6bf7a2e24ccab8aa,Alice Lee,1007,2023-11-29T16:49:35.757Z,2023-11-29T16:49:35.757Z,0
65676b9f6bf7a2e24ccab8c4,65676b9f6bf7a2e24ccab8aa,Alice Lee,542,2023-11-29T16:49:35.757Z,2023-11-29T16:49:35.757Z,0
65676b9f6bf7a2e24ccab8c7,65676b9f6bf7a2e24ccab8aa,Alice Lee,2885,2023-11-29T16:49:35.757Z,2023-11-29T16:49:35.757Z,0
65676ba06bf7a2e24ccab8ec,65676b9f6bf7a2e24ccab8d7,Leo Walker,3370,2023-11-29T16:49:36.099Z,2023-11-29T16:49:36.099Z,0
65676ba06bf7a2e24ccab8ee,65676b9f6bf7a2e24ccab8d7,Leo Walker,3245,2023-11-29T16:49:36.099Z,2023-11-29T16:49:36.099Z,0
65676ba06bf7a2e24ccab8ed,65676b9f6bf7a2e24ccab8d7,Leo Walker,470,2023-11-29T16:49:36.099Z,2023-11-29T16:49:36.099Z,0
65676ba06bf7a2e24ccab90b,65676ba06bf7a2e24ccab8f9,Bob White,3113,2023-11-29T16:49:36.771Z,2023-11-29T16:49:36.771Z,0
65676ba06bf7a2e24ccab908,65676ba06bf7a2e24ccab8f9,Bob White,3698,2023-11-29T16:49:36.771Z,2023-11-29T16:49:36.771Z,0
65676ba06bf7a2e24ccab909,65676ba06bf7a2e24ccab8f9,Bob White,13,2023-11-29T16:49:36.771Z,2023-11-29T16:49:36.771Z,0
65676ba06bf7a2e24ccab90e,65676ba06bf7a2e24ccab8f9,Bob White,1063,2023-11-29T16:49:36.771Z,2023-11-29T16:49:36.771Z,0
65676ba06bf7a2e24ccab90c,65676ba06bf7a2e24ccab8f9,Bob White,1695,2023-11-29T16:49:36.771Z,2023-11-29T16:49:36.771Z,0
65676ba06bf7a2e24ccab911,65676ba06bf7a2e24ccab8f9,Bob White,1504,2023-11-29T16:49:36.771Z,2023-11-29T16:49:36.771Z,0
65676ba06bf7a2e24ccab90a,65676ba06bf7a2e24ccab8f9,Bob White,909,2023-11-29T16:49:36.771Z,2023-11-29T16:49:36.771Z,0
65676ba06bf7a2e24ccab90d,65676ba06bf7a2e24ccab8f9,Bob White,3691,2023-11-29T16:49:36.771Z,2023-11-29T16:49:36.771Z,0
65676ba06bf7a2e24ccab90f,65676ba06bf7a2e24ccab8f9,Bob White,362,2023-11-29T16:49:36.771Z,2023-11-29T16:49:36.771Z,0
65676ba06bf7a2e24ccab910,65676ba06bf7a2e24ccab8f9,Bob White,718,2023-11-29T16:49:36.771Z,2023-11-29T16:49:36.771Z,0
65676ba16bf7a2e24ccab932,65676ba06bf7a2e24ccab91c,Quinn Clark,2722,2023-11-29T16:49:37.100Z,2023-11-29T16:49:37.100Z,0
65676ba16bf7a2e24ccab942,65676ba16bf7a2e24ccab939,Bob Lewis,2937,2023-11-29T16:49:37.537Z,2023-11-29T16:49:37.537Z,0
65676ba16bf7a2e24ccab948,65676ba16bf7a2e24ccab944,Quinn Smith,909,2023-11-29T16:49:37.940Z,2023-11-29T16:49:37.940Z,0
65676ba16bf7a2e24ccab949,65676ba16bf7a2e24ccab944,Quinn Smith,1824,2023-11-29T16:49:37.940Z,2023-11-29T16:49:37.940Z,0
65676ba16bf7a2e24ccab94a,65676ba16bf7a2e24ccab944,Quinn Smith,3752,2023-11-29T16:49:37.940Z,2023-11-29T16:49:37.940Z,0
